name,substance,physical_form,iplp,disinfection,properties,max_tons,danger_category,water_toxicity_EC50
"
Air Magic Fresh Air 
",směs,aerosol,false,false,"Skin Sens.-1,Aerosol-1",0.0001,P3a (3),
Abena olej ve spreji k čištění a ošetření pokožky,směs,aerosol,false,false,Aerosol-1,0.002,P3a (3),
Absorber Clic 800,směs,pevný,false,false,"Skin Irrit.-2,Eye Irrit.-2,EUH-066",,,
"Acces Hybritech p2PSA QC,QC1,QC3",směs,kapalina,false,false,Skin Sens.-1,,,
Aceton Kulich,látka,kapalina,false,false,"Eye Irrit.-2,STOT SE-3,Flam. Liq.-2",0.001,P5c (100),
Aceton Penta ,látka,kapalina,false,false,"Eye Irrit.-2,STOT SE-3,Flam. Liq.-2",0.001,P5c (100),
Aceton Progold ,látka,kapalina,false,false,"Eye Irrit.-2,STOT SE-3,Flam. Liq.-2",0.002,P5c (100),
Acetylen SIAD ,látka,plyn,false,false,"Flam. Gas.-1,Press. Gas,Chem.Unst.Gas A",0.01,"II.19. (0,1)",
Acidi borici ung. 10%,směs,mast,true,false,,,,
ACIDUM BENZOICUM,látka,prášek,true,false,"STOT RE-1,Skin Irrit.-2, Eye Dam.-1",0.00001,,není k dispozici
Acidum lacticum,látka,kapalina,true,false,"Eye Dam.-1,Skin Irrit.-2",0.001,,
Aerosol-Art clear lacquer glossy+mat,směs,aerosol,false,false,"Eye Irrit.-2,STOT SE-3,Aerosol-1,Aq. Chronic-3",0.0002,P3a (3),
AIR DUSTER 2,směs,,false,false,Aerosol-3,0.0002,P3a (3),
AIR SPRAY,směs,,false,false,Aerosol-1,0.0004,P3a (3),
Akutol odstraňovač náplastí sprej,směs,aerosol,false,false,Flam. Aerosol-1,0.0004,P3a (3),Toxicita pro bakterie (EC50): 168 mg/l Druh: kal aktivovaný Inhibice dýchání Doba expozice: 3 h
Alfasilver sprej (jedná se o zdrav. prostředek-BL se nedělá),směs,aerosol,false,false,Aerosol-1,0.001,P3a (3),
Algicid super,směs,kapalina,false,false,"Acute Tox.-4,Aq. Acute-1,Aq. Chronic-1",0.02,E1 (2),
ALP2,směs,,false,false,"Eye Irrit.-2,Skin Irrit.-2,Aq. Chronic-3",,,
ALTECO Epoxy Clear 60 min,směs,,false,false,"Skin Sens. 1,Skin Irrit. 2,Eye Irrit.-2,Aq. Chronic 2,EUH-205",0.00004,E2 (4),
ALU FIX ,směs,kapalina,false,false,Skin Corr.-1B,,,EC50 pouze pro jednotlivé složky
Amidočerň (k Hydragel 1 a Hydragel  7),směs,kapalina,false,false,"Acute Tox.-3 (inhal),Acute Tox.-4",0.001,H2 (1),není k dispozici
Amiloride hydrochloride,látka,prášek,true,false,"Acute Tox.-3 (oral),Eye Irrit.-2,Skin Irrit.-2",0.00001,,
Anios-clean-excel-d verze ,směs,kapalina,false,false,"Skin Irrit.-2,Eye Irrit.-1,Aq. Acute-1,Aq. Chronic-3",,,
Aniosept Activ ,směs,prášek,false,true,"Eye Dam.-1,Skin Irrit.-2,Aq. Chronic-3",,,
Aniosgel  85 NPC,směs,kapalina,false,true,"Eye Irrit.-2,Flam. Liq.-2",0.08,P5c (100),
Aniosgel 800,směs,kapalina,false,false,"Eye Irrit.-2,Flam. Liq.-2",0.016,P5c (100),
Aniosyme XL3,směs,kapalina,false,false,"Skin Irrit.-2,Eye Irrit.-2,Aq. Acute-1,Aq. Chronic-3",0.005,E1 (2),
Anti SARS CoV-2-S Elecsys,směs,,false,false,Skin Corr.-1A,,,
Anti-SARS-CoV-2 S CS Elecsys,směs,,false,false,Skin Sens.-1,0.0001,,
Anti-SARS-CoV-2 S Elecsys cobas ,směs,,false,false,Skin Sens.-1,0.0001,,
Anti-SARS-CoV-2 S PC Elecsys,směs,,false,false,Skin Sens.-1,0.0001,,
Anti-TSHR Elecsys,směs,,false,false,Eye Irrit.-2,,,
APEX RINSE PL,směs,pevná látka,false,false,"Eye Irrit.-2,Skin Irrit.-2",,,
APEX ULTRA,směs,pevná látka,false,false,"Eye Irrit.-2,,Aq. Chronic-3",,,
APEX ULTRA NC,směs,pevná látka,false,false,Eye Irrit.-2,,,
ARECAL BIO CUT-prostředek na vrtání a řezání ,směs,aerosol,false,false,Aerosol-1,0.0001,P3a (3),
ARGENTUM NITRICUM,látka,prášek,true,false,"Skin Corr.-1B,Ox. Sol. 2,Aq. Acute-1,Aq. Chronic-1",0.00005,P8 (1),
Architec Anti-HBs Negative Control +Positive Control 1 +Positive Control 2,směs,,false,false,Skin Sens.-1,0.0001,,
Architect Anti-HBc IgM Calibrator 1,směs,,false,false,Skin Sens.-1,,,
Architect Anti-HBc IgM Calibrator 2,směs,,false,false,Skin Sens.-1,,,
Architect Anti-HBc IgM Conjugate,směs,,false,false,Eye Irrit.-2,,,
Architect Anti-HBc IgM Negative Control,směs,,false,false,Skin Sens.-1,,,
Architect Anti-HBc IgM Positive Control,směs,,false,false,Skin Sens.-1,,,
Architect Anti-HBc II Assay Diluent,směs,,false,false,"Skin Sens.-1,Eye Dam.-1,Aq. Chronic-3",,,
Architect Anti-HBc II Calibrator,směs,,false,false,Skin Sens.-1,,,
Architect Anti-HBc II Microparticles,směs,,false,false,Skin Sens.-1,,,
Architect Anti-HBc II Negative Control,směs,,false,false,Skin Sens.-1,,,
Architect Anti-HBc II Positive Control,směs,,false,false,Skin Sens.-1,,,
Architect Anti-HBe Conjugate,směs,,false,false,Skin Sens.-1,,,
Architect Anti-HBe Microparticles,směs,,false,false,Skin Sens.-1,,,
Architect Anti-HBs Calibrator A,směs,,false,false,Skin Sens.-1,,,
Architect Anti-HBs Calibrator B-F,směs,,false,false,Skin Sens.-1,,,
Architect Anti-HBs Negative Control,směs,,false,false,Skin Sens.-1,,,
Architect Anti-HBs Positive Control 1,směs,,false,false,Skin Sens.-1,,,
Architect Anti-HBs Positive Control 2,směs,,false,false,Skin Sens.-1,,,
Architect Anti-HCV Assay Diluent ,směs,,false,false,"Eye Dam.-1,Aq. Chronic-3",,,
Architect Anti-HCV Conjugate,směs,,false,false,Eye Irrit.-2,,,
Architect B.R.A.H.M.S  PCT Calibrator A ,směs,kapalina,false,false,Skin Sens.-1,,,
Architect B.R.A.H.M.S  PCT Calibrator B-F ,směs,kapalina,false,false,Skin Sens.-1,,,
Architect B.R.A.H.M.S  PCT Controls,směs,kapalina,false,false,Skin Sens.-1,,,
Architect B.R.A.H.M.S  PCT Microparticles ,směs,kapalina,false,false,"Skin Sens.-1,Eye Irrit.-2,Skin Irrit.-2",,,
Architect Concentrated Wash Buffer,směs,,false,false,"Acute Tox.-4,Aq. Chronic-3",,,
Architect Cortisol Calibrator A-F,směs,,false,false,Skin Sens.-1,,,
Architect Cortisol Microparticles,směs,,false,false,Skin Sens.-1,,,
Architect HAVAb-IgG Assay Diluent,směs,,false,false,Skin Sens.-1,,,
Architect HAVAb-IgG Calibrator 1,směs,,false,false,Skin Sens.-1,,,
Architect HAVAb-IgG Conjugate,směs,,false,false,Skin Sens.-1,,,
Architect HAVAb-IgG Microparticle,směs,,false,false,Skin Sens.-1,,,
Architect HAVAb-IgG Negative Control,směs,,false,false,Skin Sens.-1,,,
Architect HAVAb-IgG Positive Control ,směs,,false,false,Skin Sens.-1,,,
Architect HAVAb-IgM Assay Diluent,směs,,false,false,Skin Sens.-1,,,
Architect HAVAb-IgM Calibrator ,směs,,false,false,Skin Sens.-1,,,
Architect HAVAb-IgM Conjugate ,směs,,false,false,Skin Sens.-1,,,
Architect HAVAb-IgM Microparticle ,směs,,false,false,Skin Sens.-1,,,
Architect HAVAb-IgM Negative Control,směs,kapalina,false,false,"Skin Sens.-1,EUH-032",,,
Architect HAVAb-IgM Positive Control ,směs,kapalina,false,false,"Skin Sens.-1,EUH-032",,,
Architect HBeAg Assay Specific Diluent,směs,,false,false,Skin Sens.-1,,,
Architect HBeAg Conjugate,směs,,false,false,Skin Sens.-1,,,
Architect HBeAg Microparticle,směs,,false,false,Skin Sens.-1,,,
Architect HBSAg Qualitative II Ancillary Wash Buffer,směs,,false,false,Skin Sens.-1,,,
Architect HBsAg Qualitative II Calibrator 1,směs,,false,false,Skin Sens.-1,,,
Architect HBsAg Qualitative II Calibrator 2,směs,,false,false,Skin Sens.-1,,,
Architect HBsAg Qualitative II Confirmatory Ancillary Wash Buffer,směs,,false,false,Skin Sens.-1,,,
Architect HBsAg Qualitative II Confirmatory Conjugate,směs,,false,false,Skin Sens.-1,,,
Architect HBsAg Qualitative II Confirmatory Manual Diluent,směs,,false,false,Skin Sens.-1,,,
Architect HBSAg Qualitative II Confirmatory Microparticles,směs,,false,false,Skin Sens.-1,,,
Architect HBsAg Qualitative II Confirmatory Pretreatment 1,směs,,false,false,Skin Sens.-1,,,
Architect HBSAg Qualitative II Conjugate,směs,,false,false,Skin Sens.-1,,,
Architect HBSAg Qualitative II Microparticles,směs,,false,false,Skin Sens.-1,,,
Architect HBsAg Qualitative II Negative Control,směs,,false,false,Skin Sens.-1,,,
Architect HBsAg Qualitative II Positive Control,směs,,false,false,Skin Sens.-1,,,
Architect HE4 Calibrator A,směs,,false,false,Skin Sens.-1,,,
Architect HE4 Calibrators B-F,směs,,false,false,Skin Sens.-1,,,
Architect HE4 Conjugate,směs,,false,false,Skin Sens.-1,,,
"Architect HE4 Controls L,M,H  ",směs,,false,false,Skin Sens.-1,,,
Architect HE4 Microparticles,směs,,false,false,Skin Sens.-1,,,
Architect ProGRP Assay Diluent,směs,,false,false,Skin Sens.-1,,,
Architect ProGRP Calibrator A,směs,,false,false,"Repr.-2,Skin Sens.-1",,,
Architect ProGRP Calibrator B-F,směs,,false,false,"Repr.-2,Skin Sens.-1",,,
Architect ProGRP Conjugate,směs,,false,false,Skin Sens.-1,,,
"Architect ProGRP Controls L,M,H",směs,,false,false,"Repr.-2,Skin Sens.-1",,,
Architect ProGRP Microparticles,směs,,false,false,Skin Sens.-1,,,
Architect STAT High Sensitive Troponin-I Calibrator A,směs,,false,false,Skin Sens.-1,,,
Architect STAT High Sensitive Troponin-I Calibrators B-F,směs,,false,false,Skin Sens.-1,,,
Architect STAT High sensitive Troponin-I Conjugate,směs,,false,false,"Skin Sens.-1,Eye Irrit.-2",,,
Architect STAT High Sensitive Troponin-I Controls,směs,,false,false,Skin Sens.-1,,,
Architect STAT High Sensitive Troponin-I Microparticles,směs,,false,false,Skin Sens.-1,,,
Architect STAT Troponin-I Assay Diluent,směs,,false,false,Xi (?),,,
Architect STAT Troponin-I Calibrators B-F,směs,,false,false,Skin Sens.-1,,,
Architect STAT Troponin-I Conjugate,směs,,false,false,Xi (?),,,
Architect Trigger Solution,směs,,false,false,"Eye Dam.-1,Skin Irrit.-2,Met. Corr.-1",,,
Arola osvěžovač vzduchu,směs,gel,false,false,EUH-208,,,
Atellic TM CH beta2-Microglobulin B2M,směs,,false,false,Skin Sens.-1,,,
Atellica® CH LDL Cholesterol (LDLC) verze 1.01 revize 26.4.2023,směs,,false,false,Skin Sens.-1,,,
Atellica® IM BRAHMS Procalcitonin Quality Control,směs,,false,false,Skin Sens.-1,,,
Atellica™ CH A-LYTE IMT Standard A (IMT Standard A) ,směs,,false,false,Skin Sens.-1,,,"Daphnia magna,48 hodin,EC50 = 0.01 mg/l"
Atellica™ CH A-LYTE™ IMT Diluent (IMT Diluent),směs,,false,false,"Skin Sens.-1,Acute Tox.-4",,,
Atellica™ CH A-LYTE™ IMT Standard B + Salt Bridge (IMT Standard B + Salt Bridge) ,směs,,false,false,Skin Sens.-1,,,
Atellica™ CH Albumin (Alb),směs,,false,false,Eye Dam.-1,,,
"Atellica™ CH Alkaline Phosphatase,Concentrated (ALP_2c)",směs,,false,false,"Skin Irrit.-2, Eye Irrit.-2,Aq. Chronic-3",,,
Atellica™ CH Calcium (Ca),směs,,false,false,"Skin Corr.-1B,STOT SE-3",,,
Atellica™ CH Cleaner,směs,,false,false,"Eye Dam.-1,Skin Irrit.-2,Met. Corr.-1,Aq. Acute-1,Aq. Chronic-2",0.0001,E1 (2),
Atellica™ CH Conditioner,směs,,false,false,Eye Dam.-1,,,
Atellica™ CH Creatine Kinase (CK_L),směs,,false,false,,,,
Atellica™ CH Creatinine_2 (Crea_2),směs,,false,false,"Skin Corr.-1A,Met. Corr.-1",,,
Atellica™ CH Direct HDL Cholesterol (D-HDL),směs,,false,false,Skin Sens.-1,,,
Atellica™ CH Enzymatic Creatinine_2 (ECre_2),směs,,false,false,,,,
Atellica™ CH Gamma-Glutamyl Transferase (GGT),směs,,false,false,"Skin Sens.-1,Aq. Chronic-2",,,
Atellica™ CH HDLLDL Cholesterol Calibrator ,směs,,false,false,Aq. Chronic-3,,,
Atellica™ CH Check Reagent (CHK),směs,,false,false,Skin Sens.-1,,,
Atellica™ CH Inorganic Phosphorus (IP),směs,,false,false,"Skin Corr.-1,Met. Corr.-1",,,
Atellica™ CH Iron_2 (Iron_2),směs,,false,false,"Acute Tox.-4,Skin Irrit.-2,Eye Irrit.-2",,,
Atellica™ CH Lactate Dehydrogenase L-P (LDLP),směs,,false,false,Skin Sens.-1,,,
Atellica™ CH Pancreatic Amylase (PAmy),směs,,false,false,Skin Sens.-1,,,
Atellica™ CH Reagent Probe Cleaner 1 (RPC1),směs,,false,false,"Skin Corr.-1B,Met. Corr.-1",,,
Atellica™ CH Reagent Probe Cleaner 2 (RPC2),směs,,false,false,"Skin Corr.-1B,STOT SE-2,Acute Tox.-4",,,
Atellica™ CH Reagent Probe Cleaner 4 (RPC4),směs,,false,false,"Skin Corr.-1A,Met. Corr.-1",,,
Atellica™ CH Rheumatoid Factor (RF) verze 1.01 revize 26.4.2023,směs,,false,false,Skin Sens.-1,,,
Atellica™ CH Theophylline (Theo) ,směs,,false,false,Skin Sens.-1,,,
Atellica™ CH Total Bilirubin_2 (TBil_2),směs,,false,false,Aq. Chronic-2,0.0001,E2 (4),
Atellica™ CH Total Protein II (TP),směs,,false,false,"Skin Corr.-1A,STOT SE-2,Met. Corr.-1,Aq. Chronic-3",,,
Atellica™ CH Toxicology Calibrator (TOX CAL),směs,,false,false,Aq. Chronic-3,,,
Atellica™ CH Valproic Acid (VPA) ,směs,,false,false,"Skin Sens.-1,Aq. Chronic-3",,,
Atellica™ CH Wash,směs,,false,false,"Skin Corr.-1B,Met. Corr.-1",,,
Atellica™ CH Water Bath Additive (WBA),směs,,false,false,"Skin Corr.-1A,Skin Sens.-1,Met. Corr.-1",,,
Atellica™ CH β2-Microglobulin Calibrator (B2M CAL),směs,,false,false,"Acute Tox.-4,Aq. Chronic-3",,,
Atellica™ IM Acid  Base,směs,,false,false,"Eye Irrit.-2,Skin Irrit.-2,Met. Corr.-1",,,
Atellica™ IM Ancillary Probe Wash 1 (APW1),směs,,false,false,"Eye Irrit.-2,Skin Irrit.-2,Met. Corr.-1",,,
Atellica™ IM Anti-Hepatitis B surface Antigen 2 (aHBs2),směs,,false,false,Aq. Chronic-3,,,
Atellica™ IM Anti-Hepatitis B surface Antigen 2 Master Curve Material (aHBs2 MCM),směs,,false,false,Aq. Chronic-3,,,
Atellica™ IM Anti-Hepatitis B surface Antigen 2 Quality Control (aHBs2 QC),směs,,false,false,Aq. Chronic-3,,,
Atellica™ IM CA 125II Calibrator (CA 125II C,směs,,false,false,"Acute Tox.-4,Aq. Chronic-3",,,
Atellica™ IM CA 15-3® Calibrator (CA 15-3® CAL),směs,,false,false,Aq. Chronic-3,,,
Atellica™ IM CA 15-3® Master Curve Material (CA 15-3® MCM),směs,,false,false,Aq. Chronic-3,,,
Atellica™ IM CA 19-9 (CA 19-9),směs,,false,false,Aq. Chronic-3,,,
Atellica™ IM Calibrator A (CAL A),směs,,false,false,"Acute Tox.-4,Aq. Chronic-3",,,
Atellica™ IM Calibrator C (CAL C),směs,,false,false,"Acute Tox.-4,
Acute Tox.-3,Aq. Chronic-3,",,,
Atellica™ IM Calibrator D (CAL D),směs,,false,false,"Acute Tox.-4,Aq. Chronic-3",,,
Atellica™ IM Calibrator E (CAL E),směs,,false,false,Aq. Chronic-3,,,
Atellica™ IM Calibrator Q (CAL Q),směs,,false,false,Aq. Chronic-3,,,
Atellica™ IM Hepatitis B surface Antigen II Quality Control (HBsII QC),směs,,false,false,Aq. Chronic-3,,,
Atellica™ IM NT‑proBNP (PBNP),směs,,false,false,Skin Sens.-1,,,
Atellica™ IM T3T4VB12 Ancillary Reagent (T3T4VB12 ANC),směs,,false,false,"Skin Irrit.-2,         Eye Irrit.-2,Met. Corr.-1",,,
Atellica™ IM Thyroid Stimulating Hormone 3 Ultra Master Curve Material (TSH3-UL MCM),směs,,false,false,"Acute Tox.-4,Aq. Chronic-3",,,
Atellica™ IM Thyroid Stimulating Hormone 3-Ultra (TSH3-UL),směs,,false,false,Aq. Chronic-3,,,
Atellica™ IM Troponin I Ultra (TnI-Ultra®),směs,,false,false,Aq. Chronic-3,,,"Dafnie (Daphnia pulex,48 hodin,EC50 = 4,2 mg/L)"
Atellica™ IM Troponin I Ultra Master Curve Material (TnI-Ultra® MCM),směs,,false,false,Aq. Chronic-3,,,"Dafnie (Daphnia pulex,48 hodin,EC50 = 4,2 mg/L)"
Atellica™ IM Vitamin D Total (VitD),směs,,false,false,Aq. Chronic-3,,,48 h EC50 Daphnia magna (perloočka velká): 1 mg/l
Atellica™ IM Vitamin D Total Quality Control (VitD QC),směs,,false,false,Aq. Chronic-3,,,
Autosprej akrylová metalýza Motip Dupli,směs,aerosol,false,false,"Eye Irrit.-2,STOT SE-3,Aerosol-1,EUH-066",0.001,P3a (3),není k dispozici
Autosprej originální autolak,směs,aerosol,false,false,"Eye Irrit.-2,STOT SE-3,Aerosol-1",0.0002,P3a (3),EC50 pouze pro jednotlivé složky
AVA na nádobí,směs,prášek,false,false,Eye Dam.-1,,,
Azid sodný 10%-příprava v lékárně,látka,kapalina,false,false,"Aq. Chronic-2,EUH-032",0.00001,"H1 (0,1)",
Azid sodný Kulich,látka,prášek,false,false,"STOT RE-2,Aq. Acute-1,Aq. Chronic-1,EUH-032",0.00005,"H1 (0,1)",není k dispozici
BACFORCE EL 900,směs,,false,false,"Skin Irrit.-1,Eye Irrit.-1,Aq. Acute-1,Aq. Chronic-2",,,
Bacillol Tissues,směs,pevná látka,false,false,"Eye Irrit.-2,Flam. Liq.-3",0.01,P5c (100),EC50 pouze pro jednotlivé složky
Balsamum peruvianum ,směs,kapalina,true,false,"Skin Sens.-1,Acute Tox.-4 (oral),Skin Irrit.-2,Aq. Chronic-2",0.0005,E2 (4),
Barva Alkyton žáruvzdorná ,směs,kapalina,false,false,"STOT SE-3,Flam. Liq.-3,Aq. Chronic-3",0.001,P5c (100),
Barva Balakryl Uni satin na dřevo a kov,směs,,false,false,,,,
BC-6D Hematology Control ,směs,kapalina,false,false,"Aq. Acute-1,Aq. Chronic-1",,,
BC-RET Hematology Control,směs,,false,false,"Aq. Acute-1,Aq. Chronic-1",,,EC50 pouze pro jednotlivé složky
Benzín lékařský Fagron ,směs,kapalina,false,false,"Asp. Tox.-1,Skin Irrit.-2,STOT SE-3,Flam. Liq.-2,Aq. Chronic-2",0.007,E2 (4),EC50 pouze pro jednotlivé složky
Benzín lékařský Kulich ,směs,kapalina,false,false,"Asp. Tox.-1,Skin Irrit.-2,STOT SE-3,Flam. Liq.-2,Aq. Chronic-2",0.001,E2 (4),EC50 pouze pro jednotlivé složky
Benzín technický Progold,směs,kapalina,false,false,"Asp. Tox.-1,STOT SE-3,Flam. Liq.-2,Aq. Chronic-2",0.001,E2 (4),EC > 1000 mg/l 3 h bakterie Aktivní bahno
Benzocainum,látka,prášek,true,false,"Skin Sens.-1 ,Skin Irrit.-2 ,Aq. Chronic-4",,,
BERNER ČISTIČ BRZD,směs,aerosol,false,false,"Skin Irrit.-2,Asp. Tox.-1,STOT SE-3,Aerosol-1,Aq. Chronic-2",0.0005,P3a (3),EC50 pouze pro jednotlivé složky
BERNER-čistič dílen a provozů (UN-1814) Berner,směs,kapalina,false,false," Skin Corr.-1,Eye Dam.-1,Met. Corr.-1,",,,
Beta-CrossLaps CalSet,směs,,false,false,"Skin Sens.-1 ,Eye Irrit.-2,Skin Irrit.-2",,,
"BIL-T Gen.3,250Tests cobas c,Integra",směs,,false,false,"Skin Corr.-1A,Met. Corr.-1",,,
BILD2,směs,,false,false,Skin Corr.-1A,,,
BINZEL Super Pistolen Spray,směs,aerosol,false,false,Aerosol-1,0.0005,P3a (3),
Biolit Plus proti mravencům (007) ,směs,aerosol,false,false,"Asp. Tox.-1,Flam. Aerosol-1,Aq. Chronic-1",0.005,E1 (2),
Biolit proti létajícímu a lezoucímu hmyzu (UNI 007)    ,směs,aerosol,false,false,"Flam. Aerosol-1,Aq. Acute-1,Aq. Chronic-1",0.001,E1 (2),
Biolit proti lezoucímu hmyzu (P007)  ,směs,aerosol,false,false,"Flam. Aerosol-1,Aq. Chronic-1",0.0001,E1 (2),
Biotoll Universalni Insekticid ,směs,kapalina,false,false,"Aq. Acute-1,Aq. Chronic-1",0.002,E1 (2),
Bisacodylum ,látka,prášek,true,false,"Eye Irrit.-2,Skin Irrit.-2,STOT SE-3",,,
BITU SEAL SPRAY Tech Masters,směs,aerosol,false,false,"Eye Irrit.-2,STOT SE-3,Asp. Tox.-1,Aerosol-1,Aq. Chronic 2,EUH-066",0.0005,P3a (3),
Bref WC gel Fresh Ocean,směs,gel,false,false,"Aq. Chronic-3,EUH-208",,,
Bref WC gel Pine Forest ,směs,gel,false,false,EUH-208,,,
Brex concentrated cleaner,směs,kapalina,false,false,"Skin Corr.-1, STOT SE-3,Eye Dam.-1,Met. Corr.-1",,,
BROS hasičák na vosy a sršně,směs,aerosol,false,false,"Asp. Tox.-1,,Eye Irrit.-2,STOT SE-3,Aerosol-1,Aq. Acute-1,Aq. Chronic-1,EUH-208,EUH-066",0.0003,E1 (2),
BROS prášek proti mravencům,směs,prášek,false,false,"Skin Sens.-1,Eye Irrit.-2,Aq. Acute-1,Aq. Chronic-1",0.00025,E1 (2),
C.f.a.s. IgA/IgM CSF,směs,,false,false,Aq. Chronic-3,,,
C.f.a.s. Lipids  ,směs,,false,false,Aq. Chronic-3,,,
C.f.a.s. PAC ,směs,,false,false,Aq. Chronic-3,,,
CA 72-4 CalSet ,směs,,false,false,"Skin Corr.-1A,Aq. Acute-1,Aq. Chronic-1",,,
CA Buster HD Tech masters,směs,kapalina,false,false," Skin Corr. 1B,Acute Tox. 4 (inhal),Met. Corr. 1,EUH-071",,,
CA CLEAN 1-dodavatel Sysmex,směs,kapalina,false,false,"Skin Corr.-1A,Eye Dam.-1",,,
CA Clean I-dovozce Siemens,směs,kapalina,false,false,"Eye Irrit.-2,Skin Irrit.-2,Met. Corr.-1",,,
CA REMOVER,směs,,false,false,Skin Corr.-1A,,,
Cal Set Anti TSHR Roche,směs,,false,false,,,,
Calcium chloride    ,látka,,false,false,Eye Irrit.-2,,,
CalFree ,směs,kapalina,false,false,Eye Irrit.-2,,,
Calgonit Finsih čistič myčky,směs,kapalina,false,false,Eye Dam.-1,,,
Calligator ,směs,kapalina,false,false,"Eye Irrit.-2,EUH-208",,,
CalSet Anti-SARS-CoV-2-S Roche,směs,,false,false,Skin Corr.-1A,,,
Camphora racemica ,látka,prášek,true,false,"STOT SE-2,Acute Tox.-4 (inhal;oral),Flam. Sol. 2",,,
"CANNABIS SATIVAE EXTRACTUM (21%CBD,<4% THC)",směs,kapalina,false,false,,,,
"CANNABIS SATIVAE EXTRACTUM (23% THC,<1%CBD)",směs,kapalina,false,false,,,,
"CANNABIS SATIVAE EXTRACTUM (THC=11%,CBD=11%)",směs,kapalina,false,false,,,,
Carbethopendecinii bromidum,látka,prášek,true,false,Acute Tox.-4,0.0001,,
CARLSON Rozmrazovač skel ,směs,aerosol,false,false,Aerosol-1,0.0002,P3a (3),není k dispozici
Celaflor Ameisen-Spray,směs,aerosol,false,false,"Aerosol-1,Aq. Acute-1,Aq. Chronic-1",0.0005,E1 (2),
CELLCLEAN U,směs,kapalina,false,false,"Skin Corr.-1A,Eye Dam.-1,Aq. Acute-1,Aq. Chronic-2",,,
Cit tekutý písek,směs,,false,false,,,,
Citranox,směs,,false,false,Eye Irrit.-2,,,
Citrosteril ,směs,kapalina,false,true,"Eye Irrit.-2,Met. Corr.-1",,,
CK,směs,,false,false,,0.0001,,EC50 pouze pro jednotlivé složky
CleanCell,směs,,false,false,"Eye Irrit.-2,Skin Irrit.-2,Met. Corr.-1,Aq. Acute-1,Aq. Chronic-1",,,není k dispozici
Cleaner,směs,,false,false,"Eye Irrit.-2,Met. Corr.-1",,,
Cleaner Cassette,směs,,false,false,Skin Corr.-1A,,,EC50 pouze pro jednotlivé složky
Cleaning solution and protein remover,směs,,false,false,Eye Dam.-1,,,
Clima cleaner,směs,aerosol,false,false,"Skin Sens.-1B ,Eye Irrit.-2,STOT SE-3,Aerosol-1 ,EUH-066",0.002,P3a (3),
Clin na okna,směs,kapalina,false,false,"Eye Irrit.-2,EUH-208",,,
Clindamycini hydrochloridum,látka,prášek,true,false,"Eye Irrit.-2,Skin Irrit.-2,STOT SE-3 ",,,
CLINEX konvektomat ,směs,kapalina,false,false,Skin Corr.-1B,,,
Clioquinolum ,látka,prášek,true,false,Acute Tox.-3 (oral),,,
Collodium 5% ,směs,kapalina,true,false,"Acute Tox.-4 (oral),Eye Irrit.-2,STOT SE-3 (CNS),Flam. Liq.-1",0.002,"P5a (0,2)",
CombiClean,směs,kapalina,false,false,"Skin Corr.-1B,Met. Corr.-1",,,
Contrad 70,směs,,false,false,"Skin Corr.-1,Eye Dam.-1",,,
corQC Test Systém,směs,,false,false,Acute Tox.-4 (oral),,,
COYOTE GRAFIT-SPRAY 400 ML,směs,aerosol,false,false,"Aerosol-1,Aq. Chronic-3",0.0005,P3a (3),EC50 pouze pro jednotlivé složky
Creatine Kinase,směs,kapalina,false,false,,,,
CREJ2,směs,,false,false,"Skin Corr.-1A,Aq. Chronic-3",,,
Cryos sprej,směs,aerosol,false,false,Aerosol-1,0.0004,P3a (3),není k dispozici
CYFRA 21-1 CalSet,směs,,false,false,"Skin Corr.-1A,Aq. Acute-1,Aq. Chronic-1",,,
DC Red Drain ,směs,kapalina,false,false,"Skin Corr.-1A,Acute Tox.-4,
  Eye Dam.-1,Met. Corr.-1",,,
DC Super drain,směs,prášek,false,false,"Skin Corr.-1C,Xi (R37)",,,
Den Braven Kanalizační pěna ,směs,aerosol,false,false,"Resp. Sens. 1,Carc.-2,Eye Irrit.-2,Acute Tox.-4,STOT SE-3,STOT RE-2,Aerosol-1,Aq. Acute-1,Aq. Chronic-1",0.001,E1 (2),
Den Braven Studnařská pěna,směs,kapalina,false,false,"Resp. Sens. 1,Skin Sens.-1,Carc.-2,Skin Irrit.-2, Eye Irrit.-2,Acute Tox.-4, STOT SE-3,STOT RE-2,,Aerosol-1,Aq. Chronic-4",0.001,P3a (3),
Deproteinizer,směs,,false,false,Skin Corr.-1A,,,
Desam spray,směs,,false,false,"Eye Irrit.-2,STOT SE-3,Flam. Liq.-2,Aq. Chronic-3",0.01,P5c (100),
DESAM Wipes ,směs,,false,true,"Eye Irrit.-2, STOT SE-3,Flam. Liq.-2,Aq. Chronic-3",0.005,P5c (100),
Desderman care ,směs,kapalina,false,false," Eye Irrit.-2,Flam. Liq.-2,Aq. Chronic-3",0.005,P5c (100),
Desderman pure ,směs,kapalina,false,true,"Eye Irrit.-2,Flam. Liq.-2",0.005,P5c (100),
DESPREJ    ,směs,kapalina,false,true,"Eye Irrit.-2, STOT SE-3,Flam. Liq.-2,Aq. Chronic-3",0.033,P5c (100),
Desprej New,směs,kapalina,false,false,"Eye Irrit.-2,STOT SE-3,Flam. Liq.-2,Aq. Chronic-3",0.005,P5c (100),
DEXAMETHASONI ACETAS,látka,prášek,true,false,Acute Tox.-3 (dermal),0.000002,H2 (1),
DEXAMETHASONI SOLUTIO 1% (nemá BL),směs,kapalina,true,false,,,,
DEXAMETHASONUM,látka,prášek,true,false,"Resp. Sens. 1,Skin Sens.-1,Eye Irrit.-2,Skin Irrit.-2,STOT SE-3",0.00001,,
DHEA S CalSet Roche,směs,,false,false,,,,
Dialox  ,směs,kapalina,false,true,Skin Corr.-1C,,,
Diazepam,látka,prášek,true,false,"Acute Tox.-3 (dermal;oral),Aq. Chronic-2",0.000005,E2 (4),
Diethylether Kulich ,látka,kapalina,false,false,"Acute Tox.-4 (oral), STOT SE-3,Flam. Liq.-1",0.002,"P5a (0,2)",
Diffusil repelent,směs,aerosol,false,false,"Eye Irrit.-2,Aerosol-1",0.0001,P3a (3),
Dilluent Multiassay Roche,směs,,false,false,Skin Irrit.-1,,,není k dispozici
Diluent Progesterone/Estradiol  ,směs,,false,false,Skin Sens.-1,,,
Diluent Universal 2 Roche,směs,,false,false,Skin Corr.-1A,,,
Diluent Universal Roche,směs,,false,false,Skin Corr.-1A,,,
Discleen Extra  ,směs,kapalina,false,true,"Skin Corr.-1A,Acute Tox.-4 (oral),Eye Dam.-1,Aq. Acute-1,Aq. Chronic-1",0.1,E1 (2),
Disinfectant solution ,směs,kapalina,false,false,"Skin Corr.-1B,Resp. Sens. 1,Skin Sens.-1,Acute Tox.-4,STOT SE-3,Flam. Liq.-3",0.001,P5c (100),
DITHRANOLUM ,látka,prášek,true,false,"Eye Irrit.-2,Skin Irrit.-2,STOT SE-3",,,
Dr. Devil lemon fresh gel,směs,kapalina,false,false," Eye Dam.-1,EUH-208,EUH-066,EUH-071",,,
Duozon ,směs,kapalina,false,false,"Skin Corr.-1B,Acute Tox.-4 (oral),Met. Corr.-1,Aq. Acute-1,EUH-031",0.05,E1 (2),
DUPLI-COLOR Aerosol-Art RAL ,směs,aerosol,false,false,"Eye Irrit.-2,STOT SE-3,Aerosol-1",0.0002,P3a (3),
Dusík kapalný ,látka,plyn,false,false,Press. Gas,,,
Elecsys beta-CrossLapsserum,směs,,false,false,Skin Sens.-1,,,není k dispozici
Elecsys CA 72-4,směs,,false,false,Skin Corr.-1A,,,EC50 pouze pro jednotlivé složky
Elecsys CYFRA 21-1,směs,,false,false,Skin Corr.-1A,,,
Elecsys Estradiol III Roche,směs,,false,false,Skin Corr.-1A,,,
Elecsys FSH ,směs,,false,false,Skin Corr.-1A,,,
Elecsys LH ,směs,,false,false,Skin Corr.-1A,,,
Elecsys N-MD Osteocalcin ,směs,,false,false,Skin Sens.-1,,,
Elecsys NSE ,směs,,false,false,Skin Sens.-1,,,"Dafnie (Daphnia magna,48 hodin,EC50 = 17 mg/l)"
Elecsys Progesterone III,směs,,false,false,Skin Sens.-1,,,
Elecsys Prolactin II,směs,,false,false,Skin Sens.-1,,,
Elecsys S100,směs,,false,false,Skin Sens.-1,,,
Elecsys SHBG,směs,,false,false,Skin Sens.-1,,,
Elecsys Testosterone II,směs,,false,false,Skin Sens.-1,,,
Elecsys Toxo IgG,směs,,false,false,"Skin Sens.-1,Aq. Chronic-3",,,
Elecsys Toxo IgM,směs,,false,false,Skin Sens.-1,,,
Eosin-RAL 555,směs,,false,false,Skin Sens.-1,,,
EPHEDRINUM CHLORATUM,látka,prášek,true,false,Acute Tox.-4,,,
Epoxidová pryskyřice Progold  ,směs,,false,false,"Skin Sens.-1,Eye Irrit.-2,Skin Irrit.-2,Aq. Chronic-2",0.001,E2 (4),
EPOXIDOVÝ LAK JEDNOSLOŽKOVÝ,směs,,false,false," Asp. Tox.-1,Acute Tox.-4,Acute Tox.-4 (inhal),Skin Irrit.-2,Eye Irrit.-2,Flam. Liq.-3,EUH-208",,,
Ergotamini tartras,látka,prášek,true,false,"Acute Tox.-3 (dermal;oral) ,Repr.-2",0.000005,H2 (1),
Estradiol III CalSet Roche,směs,,false,false,"Skin Corr.-1A,Aq. Acute-1,Aq. Chronic-1",,,
Ethanol 60% ,látka,kapalina,true,false,"Eye Irrit.-2,Flam. Liq.-2",0.009,P5c (100),
Ethanol 70% Penta,látka,kapalina,false,false,Flam. Liq.-2,0.001,P5c (100),
Ethanol 85% ,látka,kapalina,true,false,"Eye Irrit.-2,Flam. Liq.-2",0.002,P5c (100),
Ethanol 96% ,látka,kapalina,true,false,"Eye Irrit.-2,Flam. Liq.-2",0.0008,P5c (100),
Ethanol 96% Fagron ,látka,kapalina,true,false,"Eye Irrit.-2,Flam. Liq.-2",0.002,P5c (100),
Ethanolum benzino denaturatum Fagron ,směs,kapalina,false,false,"Eye Irrit.-2,Flam. Liq.-2",0.02,P5c (100),
Ether ,látka,,true,false,"Acute Tox.-4, STOT SE-3,Flam. Liq.-1",0.0015,"P5a (0,2)",
Ether solvens ,látka,,true,false,"Acute Tox.-4, STOT SE-3,Flam. Liq.-1",0.0005,"P5a (0,2)",
Eucalypti aetheroleum Fagron,směs,kapalina,true,false,"Skin Sens.-1,Asp. Tox.-1,Skin Irrit.-2,Flam. Liq.-3,Aq. Chronic-2",0.00001,P5c (100),
Eucalypti aetheroleum Kulich ,směs,kapalina,true,false,"Skin Sens.-1,Asp. Tox.-1,Skin Irrit.-2,Flam. Liq.-3,Aq. Chronic-2",0.00001,E2 (4),
Everbrite Ultra-dezinfekce,směs,kapalina,false,false,"Skin Corr.-1B,Eye Dam.-1,Aq. Acute-1,Aq. Chronic-3",0.001,E1 (2),
FAIRY Clean and Fresh,směs,kapalina,false,false,"Eye Irrit.-1,Aq. Chronic-3,EUH-208",,,
FILAChem tekutý prášek na sanitu a nádobí,směs,,false,false,Eye Irrit.-2,0.01,,
Finish Classic Powerball tablety ,směs,,false,false,Eye Irrit.-2,,,
Finish leštidlo,směs,kapalina,false,false,"Eye Irrit.-2,EUH-208",,,
Finish Powerpowder Classic,směs,prášek,false,false,Eye Irrit.-2,,,
Finish sůl ,směs,pevný,false,false,,,,
FIX-A-LEAK pro zamezení úniku vody z bazénu,směs,kapalina,false,false,"Eye Irrit.-2,Skin Irrit.",,,EC50 pouze pro jednotlivé složky
Fix-RAL 555,směs,kapalina,false,false,"Acute Tox.-3 (dermal;inhal;oral),STOT SE-1,Flam. Liq.-2",0.005,H2 (1),
"Fixační rozt. (GAM,K,L) dynamická maska",směs,kapalina,false,false,"Skin Corr.-1B,Acute Tox.-4,STOT SE-3,Eye Dam.-1,Aq. Acute-1,Aq. Chronic-1",0.001,E1 (2),
Fixační rozt.imunofixace (IF) dynamická maska,směs,kapalina,false,false,"Skin Corr.-1B,Acute Tox.-4,STOT SE-3,Eye Dam.-1,Aq. Acute-1,Aq. Chronic-1",0.000002,E1 (2),"EC50,48 hod.,Daphnia magna = 0,141 mg/l"
Fixinela ,směs,kapalina,false,false,"Eye Irrit.-2,Skin Irrit.-2",,,Dafnie EC50 = 141 µg/l
Foeniculli Etheroleum ,směs,kapalina,true,false,"Carc.-2,Muta.-2,Skin Sens.-1,Asp. Tox.-1,Skin Irrit.-2,Aq. Chronic-2",0.0001,E2 (4),
Formaldehyd sol. 10% ,směs,kapalina,false,false,"Muta.-2,Skin Sens.-1,STOT SE-2,Acute Tox.-4 (oral),Eye Irrit.-2,Skin Irrit.-2,STOT SE-3",,,
Formaldehyd sol. 4%  Merck,směs,kapalina,false,false,"Muta.-2,Skin Sens.-1,Acute Tox.-4 (oral)",,,
Fox WC,směs,kapalina,false,false,Met. Corr.-1,,,
FPSA-ALP konjugát (Oddíl R1b)-Hybritech free PSA,směs,,false,false,Skin Sens.-1,,,
FPSA paramagnetické částice- (Oddíl R1a) Hybritech free PSA,směs,,false,false,Skin Sens.-1,,,
Freelite® Kappa Kit  ,směs,,false,false,Skin Sens.-1,,,
Freelite® Lambda Kit ,směs,,false,false,Skin Sens.-1,,,není k dispozici
Fresh Air,směs,aerosol,false,false,"Aerosol-1,Skin Irrit.-2",0.01,P3a (3),není k dispozici
FSH CalSet II (Roche),směs,,false,false,"Skin Irrit.-1,Aq. Acute-1,Aq. Chronic-1",,,EC50 pouze pro jednotlivé složky
GA NK (nově Aktivit NK),směs,kapalina,false,false,"Eye Irrit.-2,Skin Irrit.-2",,,
Garden 4T SAE 30-motorový olej,směs,,false,false,,,,
Gazobul LEAK DETECTION SPRAY,směs,aerosol,false,false,"Eye Irrit.-2,Aerosol-3",,,
Gel Hydragel 5 ,směs,pevná látka,false,false,,,,
Gentamicini sulfas ,látka,prášek,true,false," Skin Sens.-1,Resp. Sens. 1",0.00001,,
"Giemsa,solution for stainers ",směs,kapalina,false,false,"Acute Tox.-3 (oral;skin;Resp),STOT SE-1,Flam. Liq.-2",,,
Grease A 4 plastické mazivo,směs,,false,false,,,,
Helipur H plus N  ,směs,kapalina,false,true,"Skin Corr.-1B,Resp. Sens. 1,Skin Sens.-1,Eye Dam.-1,Acute Tox.-4 (inhal;oral),STOT SE-3 (dých.cesty)",,,
HEMATOGNOST Fe barvící set-Reagenz 2,směs,,false,false,Met. Corr.-1,,,
HemosIL® Kalibrační plazma ,směs,prášek,false,false,,,,
HemosIL® KALIBRÁTORY PRO HEPARIN ,směs,prášek,false,false,,,,EC50 pouze pro jednotlivé složky
HemosIL® KONTROLY PRO NÍZKOMOLEKULÁRNÍ HEPARIN ,směs,prášek,false,false,,,,"EC50 (48h) 0,33 mg/l (Daphnia)"
HEMOSIL® tekutý ANTI Xa ,směs,kapalina,false,false,"Skin Sens.-1,Resp. Sens. 1",,,
HEMOSIL®RECOMBIPLASTIN 2G,směs,prášek,false,false,"Acute Tox.-2,Skin Irrit.-2 ,Aq. Acute-1,Aq. Chronic-1 ",,,
HG čistič skvrn ve spreji,směs,kapalina,false,false,Eye Irrit.-2,,,
Horolith TR ,směs,kapalina,false,false,"Skin Corr.-1B,,Met. Corr.-1,Eye Dam.-1",,,
Hybritech free PSA Calibrator S0,směs,,false,false,Skin Sens.-1,,,
"Hybritech free PSA Calibrator S1,S2,S3,S4 a S5",směs,,false,false,Skin Sens.-1,,,
Hybritech free PSA QC1 a QC2,směs,,false,false,Skin Sens.-1,,,
Hybritech PSA Calibrator S0,směs,,false,false,Skin Sens.-1,,,
"Hybritech PSA Calibrator S1,S2,S3,S4 a S5",směs,,false,false,Skin Sens.-1,,,
"Hybritech PSA QC Controls QC1,QC2 a QC3",směs,,false,false,Skin Sens.-1,,,
"Hydroxid sodný 0,5% roztok",látka,,false,false,"Eye Irrit.-2,Skin Irrit.-2,Met. Corr.-1",,,
Hydroxid sodný FAGRON ,látka,prášek,false,false,Skin Corr.-1A,,,
Hydroxid sodný Labar ,látka,,false,false,"Skin. Corr.-1A,Met. Corr.-1",,,
CHAMALEON SPRAYLACK ZÁKLADNÍ ČERNÁ 500 ML,směs,,false,false,"Eye Irrit.-2,STOT SE-3,Flam. Aerosol-1,Aq. Chronic-3",0.0001,P3a (3),
Chloramix D ,směs,prášek,false,true,"Acute Tox.-4 (oral),Eye Irrit.-2,STOT SE-3,Aq. Acute-1,Aq. Chronic-1",0.01,E1 (2),
Chloramphenicol ,látka,prášek,true,false,Repr.-2,,,
Chlornan sodný PWS,směs,kapalina,false,true,"Skin Corr.-1B,STOT SE-3,Met. Corr.-1,Aq. Acute-1,EUH-031",0.05,E1 (2),
Chlornan sodný technický min.12% akt.Cl2 Via-rek,směs,kapalina,false,true,"Skin Corr.-1B,STOT SE-3,Aq. Acute-1,EUH-031",0.02,E1 (2),
CHOL2,směs,,false,false,Eye Irrit.-2,,,
IDEÁL SANITAN,směs,kapalina,false,false,"Skin Corr.-1B, Eye Dam.-1,STOT SE-3,,Met. Corr.-1,Aq. Acute-1,Aq. Chronic-1",0.001,E1 (2),
Ichthammolum,směs,kapalina,true,false,"Eye Irrit.-2,Aq. Chronic-3",,,
Imagin na vodní kámen,směs,kapalina,false,false,Skin Corr.-1B,,,
Immersol 518 N,směs,,false,false,Skin Irrit.-2,,,
Imunofixace proužky s pufrem (k Hydragel 1),směs,,false,false,Aq. Chronic-3,,,
Incides N,směs,,false,true,"Eye Irrit.-2,STOT SE-3 (CNS),Flam. Liq.-3",0.12,P5c (100),
INCIDIN ALCOHOL WIPE,směs,,false,false,"Eye Irrit.-2,STOT SE-3,Flam. Liq.-3",0.015,P5c (100),
Incidin Oxy Wipe S,směs,,false,true,,,,
Incidin Plus ,směs,kapalina,false,true,"Skin Corr.-1B,Acute Tox.-4 (inhal),Aq. Acute-1",0.15,E1 (2),
Incidin Pro ,směs,kapalina,false,true,"Skin Corr.-1A,Acute Tox.-4 (oral),Eye Dam.-1,Aq. Acute-1,Aq. Chronic-2",0.15,E1 (2),
Industrol Univerzál S 2013,směs,kapalina,false,false,"Eye Irrit.-2,Skin Irrit.-2,STOT RE-2 ,Flam. Liq.-3,Aq. Chronic-3",0.002,P5c (100),
Innovance D-DIMER Controls,směs,prášek,false,false,EUH-208,,,
INNOVANCE D-Dimer Kit,směs,,false,false,Aq. Chronic-2,0.0001,E2 (4),
Iodi solutio ethanolica Fagron,směs,kapalina,true,false,"Eye Irrit.-2,Flam. Liq.-2",0.003,P5c (100),
IRON2,směs,,false,false,"Skin Corr.-1A,Aq. Chronic-3",,,
ISE Cleaning Solution/Elecsys SysClean,směs,kapalina,false,false,"Skin Corr.-1A,Eye Irrit.-1,Met. Corr.-1,Aq. Acute-1,Aq. Chronic-1",,,
ISE Deproteinizer,směs,,false,false,"Eye Irrit.-2,Skin Irrit.-2",,,
ISE Etcher,směs,,false,false,"Eye Irrit.-2,Skin Irrit.-2",,,
Isopropyl-alkohol (IPA) ,látka,kapalina,false,false,"Eye Irrit.-2,STOT SE-3,Flam. Liq.-2",0.001,P5c (100),
Isopropylalkohol ,látka,kapalina,false,false,"Eye Irrit.-2,STOT SE-3,Flam. Liq.-2",0.002,P5c (100),
Isopropylalkohol Penta,látka,kapalina,false,false,"Eye Irrit.-2,STOT SE-3,Flam. Liq.-2",0.001,P5c (100),
Iwetec RP3-Podchlazovací uvolňovač,směs,aerosol,false,false,"Asp. Tox.-1,Skin Irrit.-2,STOT SE-3,,Aerosol-1,Aq. Chronic-3",0.0004,P3a (3),není k dispozici
Iwetec Stol RSS-Samočistící olej,směs,aerosol,false,false,"STOT SE-2,Skin Irrit.-2,STOT SE-3,,Aerosol-1,Aq. Chronic-2",,,
Iwetec Super Clean,směs,kapalina,false,false,"EUH-208,EUH-210",,,
Jar Lemon,směs,,false,false,"Eye Irrit.-2,Aq. Chronic-3",,,EC50 pouze pro jednotlivé složky
Jod ,látka,prášek,true,false," STOT RE-1,Acute Tox.-4,STOT SE-3,Skin Irrit.-2,Eye Irrit.-2,Aq. Acute-1",0.0001,E1 (2),
Jodid draselný ,látka,prášek,true,false,"Acute Tox.-4,Eye Irrit.-2,Skin Irrit.-2 ",0.0001,,není k dispozici
Kodan Forte,směs,,false,false,"Eye Irrit.-2,STOT SE-3,Flam. Liq.-3",0.005,P5c (100),
Kofein ,látka,prášek,true,false,Acute Tox.-4,,,
Korosolex,směs,kapalina,false,false,"Skin Corr.-1B,Resp. Sens. 1,Skin Sens.-1,Muta.-2,Acute Tox.-4,Eye Dam.-1,Aq. Chronic-2",0.007,E2 (4),EC50 pouze pro jednotlivé složky
Kyselá violeť ( k Hydragel 1),směs,,false,false,Eye Irrit.-2,,,
Kyselá violeť (k Hydragel 5),směs,,false,false,Eye Irrit.-2,,,
Kyselina boritá,látka,prášek,true,false,,,,
Kyselina citronová,látka,prášek,false,false,Eye Irrit.-2,,,
Kyselina citronová 20%,látka,kapalina,false,false,Xi (R36),,,
Kyselina citronová monohydrát Lach-Ner ,látka,prášek,false,false,Eye Irrit.-2,,,není k dispozici
Kyselina chlorovodíková 35-38% Kulich,látka,kapalina,false,false,"Skin Corr.-1B,STOT SE-3,Met. Corr.-1",,,není k dispozici
Kyselina chlorovodíková 35% Penta ,látka,kapalina,false,false,"Skin Corr.-1B,STOT SE-3,Met. Corr.-1",,,
Kyselina mravenčí 85% Kulich ,látka,kapalina,true,false,"Acute Tox.-3 (inhal),Skin Corr.-1A,Acute Tox.-4 (oral),EUH-071",0.003,H2 (1),EC50 pouze pro jednotlivé složky
Kyselina salicylová ,látka,prášek,true,false,"Acute Tox.-4,Eye Dam.-1",,,
Kyselina sírová 38% Via-rek ,látka,kapalina,false,false,Skin Corr.-1A,,,
Kyslík plynný+kapalný medic. a technický,látka,plyn,false,false,"Ox. Gas 1,Press. Gas",7.01,II.25. (4),
Lab Armor® Beads,směs,,false,false,,,,
Lak Balakryl Polyurex mat,směs,kapalina,false,false,,,,
Lavon na nádobí,směs,kapalina,false,false,Eye Irrit.-2,,,NOEL Druh: Daphnia magna (hrotnatka velká) Dávka: 46 mg/l Doba expozice: 48 h
Leona na nádobí ,směs,kapalina,false,false,"Eye Dam.-1, Skin Irrit.-2,",,,EC50 pouze pro jednotlivé složky
Lepidlo Den Braven Mamut glue High tack,směs,,false,false,,,,
Lepidlo Chemopren Extrem Pattex od fy Henkel,směs,kapalina,false,false,"Eye Irrit.-2,Skin Irrit.-2,STOT SE-3 ,Flam. Liq.-2,Aq. Chronic-2",0.005,E2 (4),
Lepidlo Chemoprén Univerzál Pattex,směs,kapalina,false,false,"Skin Irrit.-2,Eye Irrit.-2,STOT SE-3, Flam. Liq.-2,Aq. Chronic-2",0.00005,E2 (4),
Lepidlo Ponal Standard na dřevo,směs,kapalina,false,false,,,,"EC20,30 minut,bakterie (mg.l-1): Cca 15 aktivovaný kal"
Levomentholum ,látka,prášek,true,false,"Eye Irrit.-2,Skin Irrit.-2",,,
LH CallSet II Roche,směs,,false,false,"Skin Irrit.-1,Aq. Acute-1,Aq. Chronic-1",,,
"Liaison (GMSDS07)- Liaison Starter Kit,Liaison XL Starter Kit",směs,,false,false,Skin Corr.-1B,,,
Liaison (GMSDS07)-Liaison Starter Kit-Liaison XL Starter Kit-Liaison Easy Starter Kit,směs,,false,false,"Skin Corr.-1B,Eye Dam.-1,Met. Corr.-1",0.0001,,
"Liaison (IMSDS31)-Borrelia IgG,B. IgM Q,CMV IgG II. CMV IgM II,EBNA IgG,EBV IgM,VCA IgG,EA-G vše 100 testů ",směs,,false,false,Skin Sens.-1,,,
"Liaison (IMSDS38)-Bor.IgG,B.IgM Q,CMV IgG II,CMV IgM II,EBNA igG,EBV IgM,VCA IgG,EA-G (100 testů),Bor.IgM Control,Bor. IgG Control,Control CMV IgM II,Control CMV IgG II,EBNA IgG Control,EBVIgM Control,VCA IgG Control,EA IgG Control",směs,,false,false,Skin Sens.-1,,,EC50 pouze pro jednotlivé složky
Liaison (IMSDS67),směs,,false,false,"Skin Sens.-1,Skin Irrit.-2,Aq. Chronic-3",0.0001,,
Liaison (UPC) výrobky obsahující Proclin-Liaison 1-84 PTH ,směs,,false,false,Skin Sens.-1,,,
Liaison Pump Solution,směs,,false,false,"Eye Irrit.-2,Skin Irrit.-2",,,
Lignofix-EPOXIDOVY DVOUSLOZKOVY LAK ,směs,kapalina,false,false,"Skin Sens.-1,Repr.-2,Skin Irrit.-2, STOT SE-3,STOT RE-2,Eye Dam.-1,Flam. Liq.-3",0.0002,P5c (100),"EC50 (Daphnia magna (perloočka velká)): 4,5 mg/l Doba expozice: 48 h"
Lignofix-Tvrdidlo pro EPOXIDOVY DVOUSLOZKOVY LAK ,směs,kapalina,false,false,"Skin Corr.-1B,Skin Sens.-1, Acute Tox.-4, Eye Dam.-1,Flam. Liq.-3",0.0002,P5c (100),
Líh technický Progold,směs,kapalina,false,false," Eye Irrit.-2,Flam. Liq.-2",0.0002,P5c (100),
Likvidátor pachu ALP (není klasif. jako NCHLS),směs,kapalina,false,false,,,,
"Liquicheck Urinalysis Control,Level 1",směs,,false,false,Skin Sens.-1,,,
"Liquicheck Urinalysis Control,Level 2",směs,,false,false,Skin Sens.-1,,,
LP 30598 RI 408 manuální čistič,směs,kapalina,false,false," Asp. Tox.-1,STOT SE-3,Aq. Chronic-2",0.0001,E2 (4),
LUBRIFINE,směs,aerosol,false,false,Flam. Aerosol-1,0.005,P3a (3),
Lubrinol ,směs,aerosol,false,false,F+ (R12),0.002,P3a (3),
Luxon čistič myček nádobí,směs,kapalina,false,false,Eye Irrit.-2,0.0002,,EC50 (48h) >1.000 mg/l (Daphnia)
M-6 FD Dye ,směs,kapalina,false,false,Acute Tox.-4,,,
M-6 FN Dye ,směs,kapalina,false,false,Acute Tox.-4,,,
M-6 FR Dye ,směs,kapalina,false,false,Acute Tox.-4,,,
Magnesii sulfas heptahydricus Fagron,látka,prášek,true,false,,0.001,,
Manganistan draselný ,látka,prášek,true,false,"Skin Corr.-1C,Acute Tox.-4 (oral) ,Ox. Sol. 2,Aq. Acute-1,Aq. Chronic-1",0.0005,P8 (1),
"May-Grünwald,solution for stainers ",směs,kapalina,false,false,"Acute Tox.-3,STOT SE-1,Flam. Liq.-1 ",,,
Mega foam ,směs,aerosol,false,false,Aerosol-1,0.002,P3a (3),
Mega Foam ,směs,aerosol,false,false,Aerosol-1,0.0005,P3a (3),
Meliseptol Rapid,směs,kapalina,false,true,"Eye Dam.-1,STOT SE-3,Flam. Liq.-3",0.008,P5c (100),
Menthae piperitae aetheroleum ,směs,kapalina,true,false,"Skin Sens.-1B,Eye Irrit.-2,Skin Irrit.-2,Aq. Chronic-2",0.00002,E2 (4),
Metganol pro abakyzu RAL diagnostics,směs,kapalina,false,false,"Acute Tox.-3 (oral;skin;inhal),STOT SE-1,Flam. Liq.-2",,,
Methylrosanilinii chloridi solutio 1%,směs,kapalina,true,false,"Carc.-2,Eye Irrit.-2,Flam. Liq.-2,Aq. Chronic-3",0.001,P5c (100),
Metronidazole ,látka,prášek,true,false,"Carc.-2,Repr.-2",,,
MG,směs,,false,false,"Eye Irrit.-2,Skin Irrit.-2",,,
Mikrobac Virucidal Tissues,směs,,false,false,Aq. Chronic-3,,,
Miléne osvěžovač vzduchu ,směs,aerosol,false,false,Aerosol-1,0.0002,P3a (3),
Milit na nádobí ,směs,kapalina,false,false,"Eye Irrit.-2,EUH-208",,,
MIP SMX ,směs,kapalina,false,false,"Skin Corr.-1A,Met. Corr.-1,Eye Dam.-1",,,
MIP SMXL,směs,kapalina,false,false,"Skin Corr.-1A,Met. Corr.-1,Eye Dam.-1",,,
MIT-SE PLUS (složka A  a složka B) od fy Mungo   ,směs,,false,false,"Skin Sens.-1 (sl.A i B),STOT SE-3 (sl.A),Eye Irrit.-2 (sl.B)",,,
Mogul alfa 2t ,směs,kapalina,false,false,"Carc.-2, Skin Irrit.-2,STOT RE-2,Aq. Chronic-3",,,
MOGUL ALFA 4T 10W-30-motorový olej,směs,,false,false,Aq. Chronic-3,,,
MoliCare Skin ve spreji-celá řada (jedná se o kosmetické výrobky-BL se nedělá),směs,aerosol,false,false,Aerosol-1,0.001,P3a (3),
Motip PTFE suché mazivo  ,směs,aerosol,false,false,"Eye Irrit.-2,STOT SE-3,Flam. Aerosol-1,Aq. Chronic-2",0.001,P3a (3),
MSDS-cs-G-GMSDS,směs,,false,false,EUH-210,,,
Multi sprej univerzání 8 v 1 Soudal,směs,aerosol,false,false,Aerosol-1,0.0001,P3a (3),
Multi Tech Dry,směs,aerosol,false,false,"Eye Irrit.-2,STOT SE-3,Aerosol-1,Aq. Chronic 2",0.0001,P3a (3),
Multi Tech Nano,směs,aerosol,false,false,"Skin Sens. 1B,Asp. Tox.-1,Aerosol-1,EUH-066",0.0004,P3a (3),
Multi Tech PTFE ,směs,aerosol,false,false,"Skin Irrit.-2,STOT SE-3,Aerosol-1,Aq. Chronic-3",0.0005,P3a (3),
Multi wipes Techmasters,směs,,false,true,,,,
Multiclean,směs,kapalina,false,false,"Skin Corr.-1B,Met. Corr.-1",0.0001,,EC50 pouze pro jednotlivé složky
MULTIFOAM,směs,aerosol,false,false,Flam. Aerosol-1,0.005,P3a (3),
MxPSA- ALP (Oddíl R1b)-Hybritech PSA,směs,,false,false,Skin Sens.-1,,,
N-Methylisothiazolone hydrochlorid (Elecsys DHEA-S),směs,,false,false,Skin Irrit.-1,,,
N-MID Osteocalcin CalSet,směs,,false,false,"Skin Sens.-1,Aq. Chronic-3",,,"EC50 dafnie 1 0,09 mg/l Daphnia magna,48 h"
Nafta motorová OMV,směs,kapalina,false,false,"Carc.-2,Acute Tox.-4,Asp. Tox.-1,Skin Irrit.-2,Flam. Liq.-3,Aq. Chronic-2",5,II.34.c) (50),
Neodisher LaboClean A8 ,směs,prášek,false,false,"Skin Corr.-1A,Eye Dam.-1,STOT SE-3  ,Met. Corr.-1,Aq. Chronic-2",0.03,E2 (4),
Neodisher MA ,směs,prášek,false,false,"Skin Corr.-1B,Eye Dam.-1,STOT SE-3 (dých.cesty) ",,,EC50 pouze pro jednotlivé složky
Neodisher N  ,směs,kapalina,false,false,"Skin Corr.-1B,Eye Dam.-1 ,Met. Corr.-1",,,
Neodisher SBK ,směs,kapalina,false,false,"Eye Irrit.-2,EUH-208",,,
Neodisher Septo DN  ,směs,kapalina,false,true,"Skin Corr.-1B,Resp. Sens. 1,Skin Sens.-1A,Acute Tox.-4 (inhal;oral),Eye Dam.-1,Aq. Chronic-3,EUH-071",,,
Neodisher Z,směs,,false,false,Eye Irrit.-2,,,
Niagara závěs do WC,směs,pevný,false,false,"Eye Dam.-1,Skin Irrit.-2,Aq. Chronic-3",,,
Nitrofurantoin ,látka,prášek,true,false,"Resp. Sens. 1,Skin Sens.-1,Acute Tox.-4",,,
Nitroředidlo C6000 Progold,směs,kapalina,false,false,"Repr.-2,Asp. Tox.-1,Eye Dam.-1,Skin Irrit.-2,STOT RE-2,STOT SE-3 ,Flam. Liq.-2",0.005,P5c (100),
NOVA PTFE OIL aerosol,směs,aerosol,false,false,"Flam. Aerosol-1,Aq. Chronic-3",0.001,P3a (3),
NOVADURIT® S 111 ,směs,kapalina,false,false,"Skin Sens.-1, Skin Irrit.-2,Eye Irrit.-2, STOT SE-3",,,
Novelec Tech Masters,směs,aerosol,false,false,"Skin Irrit.-2,Eye Irrit.-2,STOT SE-3,STOT RE-2,Aerosol-3",,,
NSE Calset,směs,,false,false,Aq. Chronic-3,,,
Octenisan,směs,kapalina,false,false,,,,"EC50 dafnie 1 0,0043 mg/l"
Octenisept ,směs,kapalina,false,false,,,,EC50 pouze pro jednotlivé složky
Odbarvovací roztok (10),směs,,false,false,Eye Irrit.-2,,,
ODMAŠŤOVAČ BRZD UNI RAPID,směs,,false,false,"Skin Irrit.-2,STOT SE-3,Aerosol-1,Aq. Chronic-2",0.001,P3a (3),
Okena ,směs,kapalina,false,false,Flam. Liq.-3,0.004,P5c (100),EC50 pouze pro jednotlivé složky
Olej COYOTE KONKOR 101 ,směs,aerosol,false,false,"Asp. Tox.-1,Flam. Aerosol-1",0.001,P3a (3),EC50 pouze pro jednotlivé složky
Olej tlumičový MOGUL SILENCE 15 od fy PARAMO,směs,kapalina,false,false,Asp. Tox.-1,,,
Olej tlumičový MOGUL SILENCE PARAMO,směs,kapalina,false,false,Asp. Tox.-1,,,
Ondřejova mast ,směs,,true,false,"Skin Sens.-1,Eye Irrit.-2",,,
Orkán profi universal,směs,kapalina,false,false,"Skin Corr.-1B,Met. Corr.-1",,,EC50 pouze pro jednotlivé složky
Ošetřovací tablety Care Tab ,směs,pevná látka,false,false,"Eye Irrit.-2,Skin Irrit.-2",,,
Oxid dusný ,látka,plyn,false,false,"Ox. Gas 1,Press. Gas",0.12,P4 (1),
Oxid uhličitý,látka,plyn,false,false,Press. Gas,,,
Oxid zinečnatý  ,látka,prášek,true,false,"Aq. Acute-1,Aq. Chronic-1",0.001,E1 (2),
p2PSA blokační pufr (Oddíl R1b)-Access Hybritech p2PSA,směs,,false,false,Skin Sens.-1,,,
p2PSA kalibrátor S0-Access Hybritech p2PSA Calibrators,směs,,false,false,Skin Sens.-1,,,
"p2PSA kalibrátor S1,S2,S3,S4,S5,S6-Access Hybritech p2PSA Calibrators",směs,,false,false,Skin Sens.-1,,,
p2PSA konjugát (Oddíl R1c)-Access Hybritech p2PSA,směs,,false,false,Skin Sens.-1,,,
p2PSA PMP (Oddíl R1a)-Access Hybritech p2PSA,směs,,false,FALSE,Skin Sens.-1,,,
Papaverini hydrochloridum ,látka,prášek,true,false,Acute Tox.-4,,,
Paraffinum perliquidum,látka,kapalina,true,false,Asp. Tox.-1,,,
Pattex PU pěna Universal-pistolová,směs,kapalina,false,false,"Asp. Tox.-1, Eye Irrit.-2,Skin Irrit.-2,Skin Sens.-1, STOT SE-3,STOT RE-2,Aerosol-1",0.0002,P3a (3),
PATTEX Sanitární silikon PREMIUM,směs,pevný,false,false,"Skin Sens.-1,Skin Irrit.-2,Eye Irrit.-2,Aq. Chronic-2",0.0005,E2 (4),
Petrolej Severochema,látka,kapalina,false,false,Asp. Tox.-1,,,
Phenobarbital ,látka,prášek,true,false,"Acute Tox.-3 (oral), Skin Sens.-1",,,
PHOS2,směs,,false,false,Met. Corr.-1,,,není k dispozici
PMP (Oddíl R1a)-Hybritech PSA,směs,,false,false,"Skin Sens.-1,Eye Dam.-1",,,
Podophylli resina ,látka,prášek,true,false,Skin Corr.-1B,0.0001,"H1 (0,1)",
POLYSAN CUM OLEO HELIANTHI 15,směs,,false,false,,,,
Pontofarm,směs,,true,false,Asp. Tox.-1,,,
POTIRANI NA DASNE 118G (nemá BL),směs,kapalina,true,false,,,,
Preci Control Anti SARS CoV-2-S Roche,směs,,false,false,Skin Corr.-1A,,,
Preci Control ThyroAB Roche,směs,,false,false,,,,
PreciControl LPA Gen.2,směs,prášek,false,false,Aq. Chronic-3,,,není k dispozici
PreciControl Toxo IgG,směs,,false,false,Skin Sens.-1,,,
PreciControl Toxo IgM ,směs,,false,false,Skin Sens.-1,,,
PreciControl Tumor Marker,směs,,false,false,,,,
PreciControl Universal ,směs,pevný,false,false,,,,EC50 pouze pro jednotlivé složky
PreciControl Varia ,směs,prášek,false,false,Aq. Chronic-1,0.000002,E1 (2),
Preciset LPA Gen.2,směs,prášek,false,false,Aq. Chronic-3,,,
PressurePro Karcher-odmašťovač,směs,kapalina,false,false,"Skin Corr.-1A,Eye Dam.-1,Met. Corr.-1",,,
Primalex univerzalni barva (sprej) ,směs,aerosol,false,false," Eye Dam.-1,STOT SE-3,Aerosol-1",0.0001,P3a (3),
PRIMALEX ZÁKLADNI BARVA-ANTIKOROZNÍ SPREJ ,směs,aerosol,false,false,"Eye Irrit.-2, Skin Irrit.-2,STOT SE-3,STOT RE-2",,,
Primona-tekutý písek ,směs,,false,false," Eye Irrit.-2,",,,
Primona na nádobí-FOX Citron,směs,kapalina,false,false,Eye Irrit.-2,,,
PROBE CLEANSER ,směs,kapalina,false,false,"Skin Corr.-1A,Eye Dam.-1,Aq. Acute-1,Aq. Chronic-2",,,
ProCell,směs,,false,false,"Eye Irrit.-2,Skin Irrit.-2",,,
Progesterone III CalSet ,směs,pevný,false,false,"Skin Sens.-1,Aq. Chronic-3",,,
Progold ředidlo S 6005 ,směs,kapalina,false,false,"Repr.-2, Asp. Tox.-1,Acute Tox.-4,Skin Irrit.-2,Eye Irrit.-2, STOT SE-3,STOT RE-2,Flam. Liq.-2",0.0001,"P5a (0,2)",
Progold S 6006 ,směs,kapalina,false,false," STOT RE-1,Repr.-2,Asp. Tox.-1,Skin Irrit.-2,Eye Irrit.-2,STOT SE-3,Flam. Liq.-2,Aq. Chronic-2",0.002,P5c (100),
ProGold Šlehaný tmel,směs,pevný,false,false,"Skin Irrit.-2,Eye Irrit.-2,EUH-071",,,
Prolactin II CalSet,směs,pevný,false,false,"Skin Sens.-1 ,Aq. Chronic-3",,,
Promývací pufr II,směs,,false,false,Skin Sens.-1,,,
Promývací roztok (10),směs,,false,false,Aq. Chronic-3,,,
Prontosan roztok,směs,kapalina,false,false,Aq. Chronic-3,,,
Propan,látka,plyn,false,false,"Flam. Gas.-1,Press. Gas",0.03,II.18. (1),
Proteinurie proužky s pufrem (k Hydragel 5),směs,pevná látka,false,false,"Eye Irrit.-2,Skin Irrit.-2",,,
ProWASH UNI ,směs,,false,false," Eye Dam.-1, Aq. Chronic-3",0.001,,
"Pufr o pH 6,8 roztok pro hematologii ",směs,kapalina,false,false,Skin Sens.-1,,,
Pulirapid,směs,kapalina,false,false,"Skin Corr.-1A,Eye Dam.-1",,,
Pur aloe,směs,kapalina,false,false,Eye Irrit.-2,,,EC50 (48h) >1.000 mg/l (Daphnia)
Puradep,směs,,false,true,"Xi (R36),R66,R67,F (R11)",0.02,P5c (100),EC50 (48h) > 1000 mg/l (Daphnia)
QUININI HYDROCHLORIDUM,směs,,true,false,"Skin Sens.-1, Resp. Sens. 1,,Acute Tox.-4,",,,
Rational čistící tablety-Active green,směs,pevná látka,false,false,"Skin Corr.-1A,Met. Corr.-1",,,
Rational oplachové tablety,směs,pevná látka,false,false,"Eye Irrit.-2,Skin Irrit.-2",,,
Real classic ,směs,,false,false,Eye Dam.-1,,,
Red Lube 2400 Tech masters,směs,aerosol,false,false,"STOT SE-3,Aerosol-1,Aq. Chronic-3,EUH-208,EUH-066 ",0.0005,P3a (3),
Rems spray olej Sanitol,směs,kapalina,false,false,Aerosol-1,0.0001,P3a (3),
ROTHENBERGER MAPP gas,směs,plyn,false,false,"Flam. Gas.-1,Press. Gas",0.003,"P2(0,2)",
Roundup Klasik,směs,kapalina,false,false,"Aq. Chronic-2,EUH-401",0.004,E2 (4),
Roztok kys. sulfosalicylové 200 g/l ,látka,kapalina,false,false,"Eye Irrit.-2,Skin Irrit.-2,STOT SE-3",,,
RUST SHOCK Tech Masters,směs,aerosol,false,false,"Asp. Tox.-1,STOT SE-3,Skin Irrit.-2,Aerosol-1,Aq. Chronic 2,EUH-208",0.0005,P3a (3),
Ředící roztok pro přípravu barvy (k Hydragel 1),směs,,false,false,Eye Irrit.-2,,,
Ředící roztok pro přípravu barvy (k Hydragel 7),směs,,false,false,Eye Irrit.-2,,,
Ředidlo S 6300,směs,kapalina,false,false," STOT SE-2,Asp. Tox.-1,Acute Tox.-4,Skin Irrit.-2,Eye Dam.-1,STOT SE-3,Flam. Liq.-3,EUH-066",0.0007,P5c (100),
S2 Fluid Pack,směs,,false,false,Skin Corr.-1A,,,
Safeline Anti Bacterial Wipes,směs,,false,true,,,,
Safety Boots Tech Masters,směs,kapalina,false,false,"Skin Sens. 1,Skin Irrit. 2,Eye Irrit.-2,STOT SE-3,Flam. Liq.-2,Aq. Chronic 2,EUH-066 ",0.0004,E2 (4),
SAFETY CLEAN (aerosol),směs,aerosol,false,false,"STOT SE-3,Flam. Aerosol-1,Aq. Chronic-3",0.001,P3a (3),
Sani-Cloth Active ubrousky ,směs,kapalina,false,false,,,,EC50 pouze pro jednotlivé složky
Sanytol proti roztočům  ,směs,kapalina,false,false,"Aq. Acute-1,Aq. Chronic-1",0.001,E1 (2),EC50 pouze pro jednotlivé složky
Savo Na nádobí,směs,kapalina,false,false,"Eye Irrit.-2,EUH-208",,,EC50 pouze pro jednotlivé složky
"Savo Original,Savo WC Dezi",směs,kapalina,false,true,"Skin Corr.-1,Met. Corr.-1,Aq. Acute-1,EUH-206",0.04,E1 (2),
Savo proti plísním ,směs,kapalina,false,true,"Skin Corr.-1A,Skin Irrit.-1,Met. Corr.-1,Aq. Acute-1",0.001,E1 (2),není k dispozici
"Savo WC Power,Savo WC Turbo ",směs,kapalina,false,true,"Skin Corr.-1,Met. Corr.-1,Aq. Chronic-3",,,
Scott Essential Foam,směs,,false,false,,,,
Sekusept Aktiv  ,směs,prášek,false,true,Eye Dam.-1,,,
Sekusept Plus ,směs,kapalina,false,true,"Skin Corr.-1B,Acute Tox.-4,Aq. Acute-1",0.006,E1 (2),EC50 pouze pro jednotlivé složky
Senset skin cleanising foam,směs,aerosol,false,false, Aerosol-1,0.0075,P3a (3),není k dispozici
Septoderm,směs,kapalina,false,true,"Eye Irrit.-2,STOT SE-3,Flam. Liq.-2,Aq. Chronic-3",0.002,P5c (100),
Seraclone Anti-B (ABO2),směs,,false,false,EUH-208,,,EC50 pouze pro jednotlivé složky
Serum Standard,směs,,false,false,Xi,,,
SHBG CalSet ,směs,,false,false,"Skin Sens.-1 ,Aq. Chronic-3",,,EC50 pouze pro jednotlivé složky
SHERON zimní směs do ostřikovačů-20°C,směs,kapalina,false,false,Flam. Liq.-3,0.005,P5c (100),EC50 pouze pro jednotlivé složky
Silico H1 Tech masters,směs,aerosol,false,false,"STOT SE-3,Aerosol-1,Aq. Chronic-3",0.002,P3a (3),EC50 pouze pro jednotlivé složky
SILICON 100 aerosol,směs,aerosol,false,false,"Flam. Aerosol-1,Aq. Chronic-3",0.0001,P3a (3),
Síra ,látka,prášek,true,false,Skin Irrit.-2,0.001,,EC50 pouze pro jednotlivé složky
Síran hlinitý tekutý 50%,směs,,false,false,"Eye Dam.-1,Met. Corr.-1",,,EC50 pouze pro jednotlivé složky
Skinman Soft Protect ,směs,kapalina,false,true,Flam. Liq.-2,0.19,P5c (100),EC50 pouze pro jednotlivé složky
Skinman Soft Protect FF,směs,kapalina,false,true,Flam. Liq.-2,0.005,P5c (100),
Skinsept F ,směs,kapalina,false,true,"Eye Irrit.-2,STOT SE-3 (CNS),Flam. Liq.-2",0.04,P5c (100),
Skinsept G ,směs,kapalina,false,true,"Eye Irrit.-2,STOT SE-3 (CNS),Flam. Liq.-2",0.05,P5c (100),EC50 pouze pro jednotlivé složky
Sofnolime (Easysorb),směs,plyn,false,false,"Eye Irrit.-2,Skin Irrit.-2",,,
Softasept N,směs,kapalina,false,false,"Eye Irrit.-2,Flam. Liq.-2",0.001,P5c (100),
Softaskin,směs,kapalina,false,true,Eye Irrit.-2,,,"EC50,48 hod.,(mg.l/1): 0,04 dafnie"
Sol.Novikov ,směs,kapalina,true,false,"Acute Tox.-4 (oral),Eye Irrit.-2,STOT SE-3 (CNS),Flam. Liq.-1,EUH-019,EUH-066",0.002,"P5a (0,2)",EC50 pouze pro jednotlivé složky
Sol.phenoli camphorata,směs,kapalina,true,false,"Skin Corr.-1B,Muta.-2,STOT SE-2,Acute Tox.-4, Eye Dam.-1,STOT RE-2,Flam. Liq.-2",0.001,P5c (100),EC50 pouze pro jednotlivé složky
SOLUSCOPE detergent EZ 5L Anios Laboratoires,směs,kapalina,false,false,"Eye Irrit.-1,Skin Irrit.-2",,,
SOLUSCOPE dezinfekce PA 5L Anios Laboratoires,směs,kapalina,false,false,"Acute Tox.-4,Skin Irrit.-1,Eye Irrit.-1,Aq. Chronic-1",,,
Soudal PU lepidlo na dřevo 66A,směs,kapalina,false,false,"Carc.-2,Resp. Sens. 1,Skin Sens.-1 ,Acute Tox.-4,Eye Irrit.-2,Skin Irrit.-2,STOT RE-2,STOT SE-3",,,EC50 pouze pro jednotlivé složky
Soudal Studny a kanalizace-pěna,směs,kapalina,false,false,"Resp. Sens. 1,Skin Sens.-1,Carc.-2,Acute Tox.-4,Skin Irrit.-2,Eye Irrit.-2,Repr.-Tox.Lact. (dod.) ,STOT SE-3,STOT RE-2,,Aerosol-1,Aq. Chronic-4",0.0007,P3a (3),
Spiritus saponis kalini Fagron ,směs,kapalina,true,false,"Skin Sens.-1,Eye Dam.-1,Flam. Liq.-2",0.002,P5c (100),
Spiritus saponis kalini Kulich,směs,kapalina,true,false,Flam. Liq.-2,0.001,P5c (100),
Sprej na detekci netěsností 400 ml Berner,směs,kapalina,false,false,Aerosol-3,,,EC50 pouze pro jednotlivé složky
STA®-LiquidFib,směs,,false,false,Skin Sens.-1,,,EC50 pouze pro jednotlivé složky
STAR podlahy silně znečištěné,směs,kapalina,false,false,"Eye Dam.-1,Skin Irrit.-2",,,
Sulfur ad usum externum ,látka,prášek,true,false,Skin Irrit.-2,,,EC50 pouze pro jednotlivé složky
Sulphur praecipitatum,látka,prášek,false,false,Skin Irrit.-2,,,
Super Plus Polykar jemný tmel,směs,pevný,false,false,"STOT RE-1,Repr.-2,Skin Irrit.-2,Eye Irrit.-2,EUH-212",,,EC50 pouze pro jednotlivé složky
Surfanios Premium,směs,kapalina,false,false," Skin Irrit.-2,Eye Dam.-1,Met. Corr.-1,Aq. Acute-1,Aq. Chronic-2",0.006,E1 (2),EC50 pouze pro jednotlivé složky
Suspensio višněvski cum balsamo peruviano,směs,kapalina,true,false,"Skin Sens.-1,Aq. Chronic-3",,,
Syntetika vrchní-barva na kov a dřevo,směs,kapalina,false,false,Flam. Liq.-3,0.0002,P5c (100),
Systém check solution ,směs,,false,false,"Skin Sens.-1,Aq. Chronic-2",,E2,EC50 pouze pro jednotlivé složky
SysWash,směs,,false,false,Eye Dam.-1,,,
Tangit UniLock-Těsnící nit,směs,pevný,false,false,,,,
TANNINUM (nemá BL),směs,prášek,false,false,,,,
TECTANE Teflonový sprej,směs,aerosol,false,false,"Skin Irrit.-2,STOT SE-3,Aerosol-1,Aq. Chronic-3",0.0004,P3a (3),
TECTANE Uvolňovač šroubů a rzi,směs,,false,false,"Asp. Tox.-1,Aerosol-1",0.0004,P3a (3),
Tech Masters Drain Clean,směs,kapalina,false,false,"Skin Corr.-1A,Eye Dam.-1",,,
Testosterone II CalSet II,směs,,false,false,"Skin Sens.-1,Aq. Chronic-3 ",,,
Tetraboritan disodný ,látka,prášek,true,false,,,,
Tetracyclini hydrochloridum,látka,prášek,true,false,"Repr.-2,Eye Irrit.-2,Skin Irrit.-2,STOT SE-3",,,
Thromborel S,směs,,false,false,Skin Sens.-1,,,
Tinctura amara Kulich,směs,kapalina,true,false,"Acute Tox.-4 (oral),Eye Irrit.-2,Flam. Liq.-2",0.001,P5c (100),
Toilet cleaner foam,směs,aerosol,false,false,"Eye Irrit.-2,Flam. Aerosol-1",0.0004,P3a (3),EC50 (Daphnia magna (perloočka velká)): 69 mg/l Doba expozice: 48 h
Toluen Severochema,látka,kapalina,false,false,"Repr.-2,Asp. Tox.-1,Skin Irrit.-2,STOT RE-2,STOT SE-3,Flam. Liq.-2",0.004,P5c (100),EC50 pouze pro jednotlivé složky
TP2,směs,kapalina,false,false,"Skin Corr.-1A,Met. Corr.-1,Aq. Chronic-2",0.001,E2 (4),
TPUC3,směs,,false,false,"Skin Corr.-1B,Met. Corr.-1,Aq. Chronic-3",,,
UA2,směs,,false,false,Eye Dam.-1,,,
UC-CONTROL,směs,kapalina,false,false,"Skin Sens.-1,Aq. Chronic-3",,,EC50 pouze pro jednotlivé složky
UF-Fluorocell CR,směs,kapalina,false,false,Acute Tox.-4 (oral),,,
UF-Fluorocell SF ,směs,kapalina,false,false,Acute Tox.-4 (oral),,,
UNIFLEG-FLEGBURN,směs,kapalina,false,false,"Eye Dam.-1,Skin Irrit.-2",,,
UNIFLEG-FLEGTRAFFIC ,směs,kapalina,false,false,"Skin Corr.-1B, Acute Tox.-4,Met. Corr.-1",,,
Unifleg FLEGSTOP,směs,kapalina,false,false,EUH-210,,,
UPC Složky výrobků obsahujících ProClin®,směs,,false,false,Skin Sens.-1,,,
Vancomycin Hydrochloride ,látka,prášek,true,false,Skin Sens.-1,,,
VISOCOLOR ECO  pH,směs,kapalina,false,false,Flam. Liq.-2,0.0001,P5c (100),EC50 pouze pro jednotlivé složky
VISOCOLOR ECO Chlorine dioxide,směs,kapalina,false,false,Skin Corr.-1B ,,,
Vzduch,směs,plyn,false,false,,,,EC50 pouze pro jednotlivé složky
WD-40 Mazací prostředek-Aerosol,směs,aerosol,false,false," Asp. Tox.-1,STOT SE-3,Aerosol-1",0.0001,P3a (3),
WD-40 Univerzální mazivo,směs,aerosol,false,false,"Asp. Tox.-1,STOT SE-3,Aerosol-1,EUH-066",0.0005,P3a (3),EC50 pouze pro jednotlivé složky
WIP Anios excel ,směs,kapalina,false,false,,,,
Základní čistič Chemoform ,směs,kapalina,false,false,"Skin Corr.-1A, Eye Dam.-1,STOT SE-3, ,Met. Corr.-1",,,
Zemní plyn,směs,plyn,false,false,Flam. Gas.-1,,II.18. (1),
Zinc (Zn) Randox ,směs,kapalina,false,false,"Acute Tox.-3 (oral),Skin Corr.-1A,STOT SE-2,STOT SE-3,Aq. Chronic-2",0.001,E2 (4),
Zinc 720,směs,aerosol,false,false,"Eye Irrit.-2,STOT SE-3,Aerosol-1,Aq. Acute 1,Aq. Chronic 1,EUH-066",0.0005,E1 (2),
Zinc Reagent 1a   Sentinel/Gali,směs,,false,false,"Eye Irrit.-2,Skin Irrit.-2",,,
Zinc Reagent 2    Sentinel/Gali,směs,,false,false,"Eye Irrit.-2,Skin Irrit.-2",,,
Zinci oxidi pasta,směs,,true,false,"Acute Tox.-4,Aq. Acute-1,Aq. Chronic-2",0.001,E1 (2),
Zinci oxidi pasta 50%,směs,,true,false,"Acute Tox.-4,Aq. Acute-1,Aq. Chronic-2",0.001,E1 (2),
Zinci sulfas heptahydricus ,látka,prášek,true,false,"Acute Tox.-4,Eye Dam.-1,Aq. Acute-1,Aq. Chronic-1",0.0001,E1 (2),
,,,,,,,,
,,,,,,,,
,,,,,,,,
,,,,,,,,
